{
  "created": 1758382900.471636,
  "seeds": [
    9248356207841691909,
    17639971012986217671,
    12398810954662318271,
    9181991130533630332,
    1325063642111806249,
    15443356047864813292,
    3045966674131221754,
    18353371022850700644,
    1205404206203733746,
    6578313034091124651,
    14747630318214256450,
    10057844356609157751,
    14012526872081872053,
    6536865231093161931,
    15185900920972181600,
    7909261228506091123,
    3715497095042152160,
    10675354014777657225,
    8139125297804651195,
    12991411841146309696,
    10857168490154776705,
    10368552381055672317,
    9541210911381235425,
    14466899056747257157,
    16536769839084339451,
    3071709235856069366,
    812622609972386657,
    7824504984268850,
    13300838349357467705,
    11021590520695632950,
    14741458408621471827,
    8655749126101704253,
    1638299482404354548,
    6069378880302719662,
    230078664045436250,
    5232041090376966233,
    10977960906104749828,
    6868876517689752454,
    11067404875259564014,
    4591443867486184795,
    18049937908188903297,
    9087715643186628861,
    9830763822721750074,
    3035940029778983327,
    86437446533006445,
    12965200485926800055,
    6912748533659091554,
    15030149925820928585,
    12834483650794869407,
    14933503486663784051,
    3480241036180232384,
    4951115773554799008,
    9540098876272347644,
    12674504980037810704,
    10964508007921012371,
    11200244952151169124,
    5725624036760373059,
    16377771010165141571,
    17673687752284898491,
    17590554180234821099,
    3484752504142650148,
    7144381810438612036,
    3840949659499803907,
    13088533995304579640
  ],
  "results_count": 649,
  "elapsed": 0.06696748733520508
}